{
  "settings": {
    "n_up": 12,
    "n_down": 20,
    "lanes": 4,
    "spacing": 25.0,
    "base_y": 0.0,
    "height": 1200.0,
    "topo": "tree",
    "leader_front": false,
    "leader_lane_up": null,
    "leader_lane_down": null,
    "leader_dynamic": false,
    "use_move_speed": 0.0,
    "v2i_mode": "rsu",
    "bs_layout": "median",
    "bs_spacing": 250.0,
    "bs_min_stay": 5,
    "bs_hyst": 15.0,
    "train_steps": 50,
    "test_every": 50,
    "test_sample": 2,
    "warmup_steps": 20,
    "epsilon_decay_steps": 800,
    "epsilon_min": 0.01,
    "demand_amount": 130.0,
    "v2v_limit": 0.045,
    "seed": 123,
    "dpi": 224,
    "out_dir": "runs/compare_flat",
    "gnn_type": "gat",
    "reprune_every": 300,
    "hysteresis_keep": 0.5,
    "reprune_start_step": 600,
    "reg_attn_w": 0.001,
    "beta_urgency_pos": 0.018,
    "beta_urgency_neg": 0.025,
    "urgency_threshold": 0.25,
    "rb_anti_conc_alpha": 0.012,
    "rb_hot_threshold": 0.22,
    "rb_softmask_alpha": 0.15,
    "rb_softmask_window": 50,
    "veh_list": "10",
    "seeds": ""
  },
  "sweep": {
    "gat": {
      "veh": [
        10
      ],
      "v2i": [
        73.81816477896712
      ],
      "v2v": [
        1.0
      ]
    },
    "sage": {
      "veh": [
        10
      ],
      "v2i": [
        74.16799765970455
      ],
      "v2v": [
        1.0
      ]
    },
    "fc": {
      "veh": [
        10
      ],
      "v2i": [
        74.16799765970455
      ],
      "v2v": [
        1.0
      ]
    }
  }
}